,Open,High,Low,Close,Volume,MA_5,MA_10,MA_20,MA_50,RSI,MACD,MACD_signal,BB_middle,BB_upper,BB_lower,Volatility,Price_Change,Volume_MA,Future_Return,Crash_Label
2022-01-01,404.37371322408984,412.955155038365,401.7426857075153,404.37371322408984,5131479,,,,,,0.0,0.0,,,,,,,0.03633133755325413,0
2022-01-02,404.37371322408984,407.82752597061443,401.69354823027913,403.65987795989537,1415008,,,,,,-0.016015534773600848,-0.008897519318667137,,,,,-0.001765286023423851,,0.07199179561234703,0
2022-01-03,403.65987795989537,415.51112200246786,406.8678317248331,409.2924553627702,2631993,,,,,,0.1542589180535856,0.057969873047010206,,,,,0.013953770762013873,,0.07452380324554198,0
2022-01-04,409.2924553627702,424.21332674728455,418.5215388669584,422.169040408534,4351278,,,,,,0.6928267814021751,0.2730298013516054,,,,,0.03146059712816052,,0.03300998793497545,0
2022-01-05,422.169040408534,425.94297106903036,420.4100744992167,420.61416333863514,3342035,412.02185005878493,,,,,0.9090186178802924,0.4622220956545227,,,,,-0.003683067494466674,,0.0491163631796252,0
2022-01-06,420.61416333863514,422.030747212259,415.5829287360193,419.06515109689707,8978450,414.96013763334633,,,,,0.955656032284196,0.5959701268773286,,,,,-0.0036827391389836484,,0.04428773717452805,0
2022-01-07,419.06515109689707,434.64057316383924,431.54975640506564,432.7200773908891,6703394,420.77217751954515,,,,,1.5876953894178882,0.8469493340038124,,,,,0.03258425631014772,,0.0029253314422343912,0
2022-01-08,432.7200773908891,443.2012836280363,439.5735413409946,439.7944857761101,8240947,426.8725836022131,,,,,2.3224266580267567,1.2015342813237542,,,,,0.01634869458305821,,-0.007445314803447567,0
2022-01-09,439.7944857761101,440.14722394572186,435.0627713526075,436.10483533893984,3768362,429.6597425882943,,,,,2.6128205447963637,1.527548409613184,,,,,-0.008389487718699074,,-0.03634892669220624,0
2022-01-10,436.10483533893984,441.53587078797483,437.2683661179469,441.2732013436697,2170365,433.7915501893011,422.9067001240431,,,,3.0470237463397893,1.8679990904621906,,,,,0.011851200871719314,,-0.07953823134731819,0
2022-01-11,441.2732013436697,451.80918154668035,435.1005051487807,437.62459836768033,6931161,437.50343964345785,426.2317886384021,,,,3.1236724560395714,2.1427332480131787,,,,,-0.008268353856249244,,-0.08137352428889688,0
2022-01-12,437.62459836768033,438.43162524068396,430.7076354247959,433.9859270389668,7790593,437.7566095730734,429.2643935463092,,,,2.9374947908717104,2.3134146964070545,,,,,-0.008314595071405084,,-0.09150943630110364,0
2022-01-13,433.9859270389668,437.62258807058697,434.3334732856555,436.5200773806866,5851188,437.10172789398865,431.98715574810086,,,,2.903602833013906,2.438319011043535,,,,,0.00583924543132075,,-0.09020365516083217,0
2022-01-14,436.5200773806866,425.4967375652842,416.1446884555792,420.25289264908804,3721864,433.93133935601827,431.79554097215623,,,60.178589583023246,1.8977387703375825,2.3252292213524193,,,,,-0.037265604893156,,-0.07120405583300327,0
2022-01-15,420.25289264908804,412.8055597995505,405.7716482656238,406.1751113678252,4947208,426.91172136084936,430.3516357750753,,,50.97816346777604,0.2795545170699256,1.9011741697750746,,,,,-0.033498356650260575,,-0.06519569073347065,0
2022-01-16,406.1751113678252,407.7629044990437,398.9928644905612,402.0135424829892,7984720,419.78951018391115,428.64647491368453,,,49.13830016808361,-1.2042251770595271,1.2621061343699358,,,,,-0.010245750584819469,,-0.026888735414804854,0
2022-01-17,402.0135424829892,396.0070922174314,387.69011990821343,394.27211949301903,8733308,411.8467486747216,424.80167912389743,,,42.30808818918081,-2.799944187288361,0.4309807911071953,,,,,-0.01925662240668846,,-0.011270135717104002,0
2022-01-18,394.27211949301903,397.66359969296764,394.98644643238345,397.14437084985934,4875754,403.9716073685562,420.5366676312724,,,35.72187107189731,-3.8065392037127594,-0.43207055880832,,,,,0.007284946651905377,,-0.016113622570802066,0
2022-01-19,397.14437084985934,395.95489245964393,387.7427683174529,390.32918221692125,3704999,397.98686528212284,415.95910231907055,,,33.699029787477954,-4.971003529355244,-1.3531310332683084,,,,,-0.017160481510424264,,-0.02645911242616772,0
2022-01-20,390.32918221692125,385.1461303693386,377.5277141200504,379.6942444234555,6298217,392.6906918932488,409.8012066270491,416.3539533755461,,30.696582801074413,-6.501756348777519,-2.394866488454101,416.3539533755461,453.6705681616591,379.0373385894331,18.658307393056504,-0.02724607402670587,5378616.15,-0.009086649862992013,0
2022-01-21,379.6942444234555,395.75424874581387,388.2180070673101,391.2039067059957,2324070,390.52876473785017,405.1591374608807,415.69546304964143,,29.20736716309945,-6.845060370200429,-3.2931908445494016,415.69546304964143,454.3432457569524,377.04768034233047,19.323891353655494,0.03031297537843103,5238245.7,-0.03514506684581031,0
2022-01-22,391.2039067059957,389.8685105973367,382.79267222571065,389.82861919686246,8364386,389.64006467861884,400.7434066766702,415.00390011148977,,23.46044950147801,-7.121537762740388,-4.064551867942385,415.00390011148977,455.0289340683123,374.97886615466723,20.012516978411256,-0.0035155260097308183,5585714.6,-0.053062063591705955,0
2022-01-23,389.82861919686246,394.58013170569143,384.3853966888598,390.74493635186604,6787749,388.36017777902015,396.1658925737882,414.07652416094453,,25.17556521185773,-7.18927939051963,-4.693208305067735,414.07652416094453,455.49401875825805,372.659029563631,20.70874729865675,0.002350564093758445,5793502.4,-0.04723939639597807,0
2022-01-24,390.74493635186604,381.75741825857443,379.8186950220307,380.0014185014296,2661793,386.29462503592185,392.1407451590223,411.9681430655893,,18.395932220454256,-7.89561977288497,-5.336729541750307,411.9681430655893,455.8697331783509,368.0665529528277,21.95079505638081,-0.027494963724269184,5709028.15,-0.03109183865926146,0
2022-01-25,380.0014185014296,376.99304612103793,375.2669051912746,376.2440957693862,7576651,385.604595305108,389.1476435991784,409.74963968712683,,18.375323267858136,-8.613211690961123,-5.994510999680456,409.74963968712683,456.2207499258476,363.27852944840606,23.235555119360377,-0.009887654490503661,5920758.95,-0.026146290590722265,0
2022-01-26,376.2440957693862,379.7205679837196,374.0416307630621,377.4550192544713,7867218,382.85481781480314,386.6917912763266,407.6691330950056,,20.1266163175475,-8.985853795164644,-6.594593195929635,407.6691330950056,456.06992259456547,359.2683435954457,24.20039474977996,0.00321845179419733,5865197.35,-0.039981693847126576,0
2022-01-27,377.4550192544713,369.40117808051104,366.78618560964327,369.1435082151716,8466027,378.71779561846495,384.1789301485419,404.49030463621966,,16.444219718839335,-9.760330432847468,-7.229275210261944,404.49030463621966,454.29433738292727,354.68627188951206,24.902016373353803,-0.02201987154844609,5953329.0,0.01898056491309985,0
2022-01-28,369.1435082151716,373.7208514606711,366.10076849753324,372.286381413819,5987696,375.02608463085556,381.6931312049379,401.1148994181051,,22.51850576400888,-10.025722313471988,-7.789648550583533,401.1148994181051,449.98624120219733,352.24355763401286,24.43567089204611,0.008513960366913542,5840666.45,0.011115876782961331,0
2022-01-29,372.286381413819,368.6044312198895,367.9431788252988,368.18647570709265,1428988,372.66309607198815,379.47886055395503,397.71898143651276,,25.425466911877677,-10.411745416010433,-8.314880681024153,397.71898143651276,445.78533583723936,349.65262703578617,24.0331772003633,-0.011012773798376063,5723697.75,0.0017698916077610871,0
2022-01-30,368.18647570709265,368.83279951756884,361.96946371372576,366.4067083083563,5084752,370.6956185797822,378.1501069424451,393.97565678474706,,26.23387294707632,-10.721521068141385,-8.796805352294083,393.97565678474706,439.34552229572046,348.60579127377366,22.684932755486695,-0.004833874995865406,5869417.1,0.0242025431120223,0
2022-01-31,366.4067083083563,368.1108778989735,360.0017106113732,362.3637282335778,5374857,367.6773603756034,375.26608909520326,390.212613278042,,27.596338171839164,-11.134936867289298,-9.264895229053465,390.212613278042,432.7341652253716,347.6910613307124,21.260775973664806,-0.011034132244587935,5791601.9,0.01137860753921971,0
2022-02-01,362.3637282335778,380.80610428324906,375.9717704042495,376.15006053509904,3977590,369.07867083958894,373.89823322902697,387.3208199528486,,37.218313594480854,-10.314330322306319,-9.474948669184949,387.3208199528486,424.8856252179337,349.75601468776347,18.782402632542563,0.03804556369017886,5600951.75,-0.02064531158883265,0
2022-02-02,376.15006053509904,384.453934819555,373.18586277844435,376.42467095758957,8599600,369.90632874834307,372.4662066895993,384.3160496316938,,40.80218515974018,-9.533443446430567,-9.486655044430876,384.3160496316938,414.12378639560416,354.5083128677834,14.903868381955188,0.0007300555052414115,5738372.35,-0.05873737333411588,0
2022-02-03,376.42467095758957,376.0381699154487,367.41973839830763,368.83812586053773,7610734,370.0366587790321,371.34987742551016,381.74531129226625,,42.516898056932526,-9.377821218844133,-9.464877236653086,381.74531129226625,407.0281995691394,356.4624230153931,12.641444138436581,-0.020154218579118033,5932815.85,-0.06393386704102755,0
2022-02-04,368.83812586053773,375.84429349614396,371.4983203182988,375.2746824627235,4297291,371.81025360990554,371.25293609484385,380.2002898470111,,38.19435709625842,-8.66629425628446,-9.305095825538816,380.2002898470111,402.8352798477809,357.5652998462413,11.317495000384884,0.017450898242063806,5900320.0,-0.07544658574381535,0
2022-02-05,375.2746824627235,368.6430285104362,364.3726896226151,366.4869228835961,5894287,372.6348925399092,370.15612645775633,378.4239588670415,,34.41329084495513,-8.670781652254163,-9.178191808173716,378.4239588670415,399.3637702395156,357.4841474945674,10.469905686237041,-0.023416872999420302,5795798.35,-0.03834811634334101,0
2022-02-06,366.4869228835961,369.41945532738487,365.3057665823165,368.3843253311937,8954647,371.0817454991281,370.08020816935857,377.12956915895023,,35.26153557867096,-8.431232137186441,-9.02876107954112,377.12956915895023,397.1236773883597,357.1354609295408,9.997054114704712,0.005177271900095093,5806865.3,-0.0390655507733918,0
2022-02-07,368.3843253311937,356.52078905891875,350.31175962160194,354.3144745273819,3490706,366.6597062130866,368.2830174807148,374.98807434282634,,33.78028806855761,-9.213915463898957,-9.065799649022606,374.98807434282634,395.13018516016695,354.84596352548573,10.071055408670293,-0.03819340247759562,5737612.9,-0.0022185564362745547,0
2022-02-08,354.3144745273819,345.97543454645256,343.42769279706556,345.2568781621083,8542535,361.9434566734007,365.9900577262164,372.7344591400857,,31.6610291811851,-10.410128882366223,-9.334710176116452,372.7344591400857,395.55695860990426,349.9119596702671,11.411249734909282,-0.025563720977968662,5979489.7,0.018815219403273353,0
2022-02-09,345.2568781621083,348.67201233827,341.9598010042765,346.96148895481656,9047252,356.2808179718193,364.0455357908624,371.0978213666537,,32.05804914725583,-11.096702964285612,-9.687155581780303,371.0978213666537,396.38085710496955,345.81478562833786,12.641517869157921,0.004937224717382449,6116941.45,-0.015155179687133313,0
2022-02-10,346.96148895481656,354.5099546757889,343.7219528267994,352.4328397265429,6254224,353.47000134040866,363.0524469401589,369.15926801768114,,39.82770478442276,-11.087535136512088,-9.967261278673387,369.15926801768114,393.8907463479602,344.4277896874021,12.365739165139523,0.01576933159990812,6313449.15,-0.04343344684233963,0
2022-02-11,352.4328397265429,357.0007223209125,351.17223383988255,353.99318876584624,7215140,350.5917740273392,360.8367597632336,367.3674964961303,,38.64561328079234,-10.833289734984817,-10.140481705899917,367.3674964961303,390.96008041075476,343.7749125815058,11.796291957312231,0.0044273656237994174,6255986.85,-0.05547128707125004,0
2022-02-12,353.99318876584624,354.7905590328336,351.48829396597415,353.52840786945393,4737973,350.4345606957536,358.5471334544201,365.5066700720097,,40.47193579788067,-10.545904306541786,-10.22157174473036,365.5066700720097,387.12371868060455,343.8896214634148,10.808524304297432,-0.001312965647764952,6153498.05,-0.03328785260273315,0
2022-02-13,353.52840786945393,354.1902921010503,351.0387439154543,351.75296207521757,3202575,351.73377747837543,356.838617075888,364.0942472506991,,40.4742097501279,-10.337279366406904,-10.244714529078697,364.0942472506991,385.4130195181082,342.77547498329,10.659386133704547,-0.005022073911785774,6180537.15,-0.02075972391958847,0
2022-02-14,351.75296207521757,344.7771870338481,340.43500782551683,341.703225245191,7611653,350.6821247364503,353.48147135413484,362.3672037244893,,37.54234591649593,-10.834003375461634,-10.362577432008736,362.3672037244893,385.0917010684593,339.64270638051926,11.362248671985013,-0.028570439807348635,6182287.25,-0.026495840213695,0
2022-02-15,341.703225245191,338.161451660759,335.08927883716933,337.1254667167853,1464071,347.6206501344988,350.5453257374537,360.35072609760505,,23.529854284541898,-11.454342389497128,-10.580938032262832,360.35072609760505,384.54769272829225,336.15375946691785,12.098483315343598,-0.013396884167894196,5862129.9,-0.005894477674127319,0
2022-02-16,337.1254667167853,337.07459017839665,334.0672121878,334.35673097054877,5381137,343.6933585754393,347.14256630138925,358.61138723537385,,22.39943614102083,-12.02445250255738,-10.869648974408188,358.61138723537385,385.0448645892955,332.1779098814522,13.216738676960823,-0.00821277541919585,5707885.4,-0.004379815604779069,0
2022-02-17,334.35673097054877,343.9120271667346,341.22816349652027,341.7602063374166,5912216,341.3397182690318,345.88713948239274,357.08507848155375,,32.19153327917152,-11.756413596190441,-11.047005853955218,357.08507848155375,383.7183616061737,330.4517953569338,13.31664156230996,0.022142444524378302,5704111.4,-0.03816081045164721,0
2022-02-18,341.7602063374166,347.3061465449149,340.42823458603317,344.4506676946386,8597626,339.879259392916,345.8065184356457,355.8982880809311,,28.677153305527625,-11.20200539376441,-11.078006314983764,355.8982880809311,382.56403111124854,329.2325450506136,13.332871515158725,0.007872365791369296,6062543.3,-0.033044514033108596,0
2022-02-19,344.4506676946386,334.5129506805766,331.8031814969868,332.64951118859017,4498472,338.0685165815959,344.3753206590231,354.2104282249428,383.85577402868455,27.529424073656244,-11.56250302171037,-11.174907039342438,354.2104282249428,382.3104192622121,326.1104371876735,14.049995518634661,-0.034260803107254656,6033229.3,0.02290665794390856,0
2022-02-20,332.64951118859017,337.64275517573105,334.0068523973151,335.13828817984347,9369689,337.6710808742076,342.64586550435314,352.84915622225606,382.4710655277997,28.094196691274476,-11.51780397329452,-11.243487209179968,352.84915622225606,381.9075515231978,323.7907609213143,14.52919765047087,0.00748167938789579,6232970.9,0.03523650963124236,0
2022-02-21,335.13828817984347,334.9241858197065,331.52120339521036,332.892310142681,2564718,337.378196708634,340.53577764203663,350.6862687026352,381.05571417145535,33.2796650418136,-11.527303188841131,-11.300250923613834,350.6862687026352,378.8685177562111,322.5040196490593,14.09112452678794,-0.006701645608326312,6162327.3,0.025770322929437484,0
2022-02-22,332.892310142681,328.7870672603271,327.11550870099785,328.7183598834586,6139743,334.7698274178424,338.0547728434371,348.3009531489286,379.4442322618691,36.026125593008025,-11.730778947718818,-11.386357157656839,348.3009531489286,375.3640959998096,321.23781029804763,13.531571425440491,-0.012538440006119145,6039334.45,0.033409822743962536,0
2022-02-23,328.7183598834586,333.459243284287,331.627747865523,333.0684627722895,4813270,332.49338643337256,336.18632291314435,346.5124699945162,377.66222070914426,38.763698262120016,-11.4141965871911,-11.39192507611378,346.5124699945162,372.5700779948064,320.454861994226,13.0288040001451,0.013233525776817245,5899461.25,0.027689889600668094,0
2022-02-24,333.0684627722895,344.6169024283956,338.9271998193979,340.2693997565956,5806425,334.0173641469736,336.04294036428473,344.7622058592098,376.0553254375034,40.430271374733785,-10.469161779371348,-11.207371553644412,344.7622058592098,367.1261218559655,322.39828986245413,11.181957998377849,0.021619990449919024,5974917.95,0.02657421210821287,0
2022-02-25,340.2693997565956,348.9998332026946,345.48679702342673,346.9473916990906,7609876,336.37918485082304,337.0251328625153,343.7852292999845,374.6129702495473,44.86976109789443,-9.083273590403849,-10.782550371551554,343.7852292999845,363.72941221284026,323.84104638712876,9.972091456427876,0.019625602382324026,6060697.4,-0.001827116121075889,0
2022-02-26,346.9473916990906,343.33923166133314,340.48155522213,341.47105247578435,3378837,338.0949333174437,337.73656501303884,342.4395656572141,372.7879897512453,41.81784956764029,-8.325755358353263,-10.291189898193666,342.4395656572141,358.68397022146416,326.195161092964,8.122202282125057,-0.015784350464452812,5781906.9,0.011429418044179185,0
2022-02-27,341.47105247578435,340.3876320413557,332.6506292768063,339.7007820198511,7123769,340.2914177447222,337.5306225812823,341.70888103183745,370.78611567612,41.82078705725305,-7.777014828085555,-9.78835368011851,341.70888103183745,356.99039861303163,326.42736345064327,7.640758790597097,-0.005184247517024287,5963560.05,-0.004779276752807982,0
2022-02-28,339.7007820198511,343.03619510294874,339.30930947816074,342.29109173591837,2524102,342.13594353744804,337.3146649854103,341.560591710528,368.90984080405957,50.44389900059687,-7.053797091642025,-9.241441314747263,341.560591710528,356.754451926431,326.366731494625,7.596930107951487,0.0076252686280713355,5662638.4,-0.034952594169256446,0
2022-03-01,342.29109173591837,353.1499480599883,348.1729523204962,349.31179095966166,3383366,343.94442177806116,338.98089296251743,341.6781068107703,367.0706125963794,58.874504042215925,-5.851828153830752,-8.563517643648957,341.6781068107703,357.0827458729257,326.2734677486149,7.702319531077718,0.02051090254244725,5379444.1,-0.0380357823397367,0
2022-03-02,349.31179095966166,349.17200659705924,342.15351280816077,346.31347852655193,3035848,343.8176391435535,340.09841199718824,341.37213875077066,365.24439019955685,58.67830057872694,-5.080599352193076,-7.866933131347655,341.37213875077066,356.10583703089793,326.6384404706434,7.366849140063634,-0.008583484756905846,5218525.3,-0.002418000676243981,0
2022-03-03,346.31347852655193,348.18351757998465,343.96448218482726,345.37386788451596,6122930,344.5982022252998,341.3465677713718,340.9411727067042,363.4721490164679,52.894407312148786,-4.492820637994043,-7.192109970812303,340.9411727067042,354.58434841936247,327.29799699404595,6.821587856329142,-0.002713179533276322,5163914.8,-0.00014435081447250475,0
2022-03-04,345.37386788451596,342.49078492403237,331.1868224269014,338.07725796943294,9593223,344.2734974152162,342.2824575799692,340.1686152117032,361.5032926282428,45.24592693995663,-4.558922246427301,-6.6654720127152975,340.1686152117032,352.4972192959932,327.84001112741316,6.1643020421450245,-0.02112669948012058,5406677.3,0.04295751557889882,0
2022-03-05,338.07725796943294,330.3965115060012,326.9971475387479,330.3271301187211,7691409,341.8807050917767,342.0083243146124,339.0973236138783,359.7047773776355,48.15625558978985,-5.172769713496336,-6.366931365474504,339.0973236138783,350.8998942214673,327.2947530062893,5.9012853037944994,-0.022924132481613402,5631119.0,0.07621519296119561,0
2022-03-06,330.3271301187211,338.3169792077039,329.7391068564981,336.02544371001636,1838003,339.2234356418477,341.5839287099544,338.81343453711963,358.3017840244793,50.67016280347451,-5.14292773303913,-6.1221305160562425,338.81343453711963,350.6252222192121,327.00164685502716,5.905893841046242,0.017250516447884,5342436.5,0.04537244005904517,0
2022-03-07,336.02544371001636,346.5479897676713,344.2616972527043,345.47609230128234,4433382,339.0559583967937,341.4367987701736,339.23096581634445,357.1710350208452,58.57273333052293,-4.311348208602794,-5.759973909074747,339.23096581634445,351.3771559048125,327.0847757278764,6.073095044234051,0.02812480057141653,5490902.05,0.0251417649223713,0
2022-03-08,345.47609230128234,346.4434371422266,345.2604097992635,345.3240128853893,9670178,339.04598739696837,341.82209481113415,339.77932991208644,356.1920728886925,61.968494878696774,-3.622765754603904,-5.332532140806091,339.77932991208644,351.98907734284074,327.56958248133213,6.104873715377152,-0.0004402024316066955,5705354.1,0.058166824701814335,0
2022-03-09,345.3240128853893,353.05910173769644,346.6890954438114,352.6002170455263,4395049,341.95057921218705,343.11203831370165,340.32133044749196,355.30118981260586,63.5077260669785,-2.4644367030686567,-4.758912905775312,340.32133044749196,353.797985993886,326.8446749010979,6.738327773197041,0.021070657957840577,5629495.75,0.03662443412342897,0
2022-03-10,352.6002170455263,355.8478997202609,354.34083921075484,355.50307608103736,1066150,346.98576840465034,344.4332367482135,340.8739508668119,354.60466768988823,61.2011706232341,-1.2983610072363376,-4.06680238370864,340.8739508668119,355.8828769844734,325.86502474915045,7.504463058830749,0.008232720500952695,5252921.95,0.06136211777784828,0
2022-03-11,355.50307608103736,353.3623564402222,350.50209977752036,351.2717380130631,8951632,350.03502726525966,344.62923145355364,341.80506220803557,354.03621756168036,53.298322475668805,-0.7061228262201666,-3.3946663616106565,341.80506220803557,356.9753625079373,326.63476190813384,7.585150149950854,-0.011902395092102447,5475579.95,0.01894135828330068,0
2022-03-12,351.2717380130631,357.0597974990918,351.2245318463154,354.16197100022066,8429645,351.77220300504734,345.4140807009205,342.7562463490544,353.29537884756485,60.0773376167836,-0.004438666501641819,-2.7166207333306795,342.7562463490544,358.53970102193443,326.9727916761743,7.891727336440041,0.008227912110168267,5428577.75,0.028249363336406264,0
2022-03-13,354.16197100022066,373.0562152191432,357.33069551687095,365.41041420822086,7081687,355.7894832696137,347.41773533329103,344.3821515523314,352.807014747792,67.7440487575238,1.4393790549676169,-1.8854206881354385,344.3821515523314,362.4250861718999,326.33921693276284,9.021467309784265,0.031760731329319336,5654426.2,-0.0006716642324231525,0
2022-03-14,365.41041420822086,369.191134843126,364.6527962695926,365.51400046661695,9948331,358.37223995383175,350.16140958300946,346.2219335814893,352.30239603008704,66.59749783995345,2.5623475207832485,-0.9958669714069488,346.2219335814893,365.02761741883074,327.4162497441478,9.402841918670736,0.00028347921780103036,5844855.6,-0.00593026436621924,0
2022-03-15,365.51400046661695,381.8988437971101,374.40888844564927,377.3174977059094,3547500,362.7351242788062,354.8604463417283,348.4343853281703,352.24871761417666,68.73495352792989,4.351561752329701,0.07361884542358228,348.4343853281703,370.79919201453333,326.0695786418073,11.182403343181505,0.03229287311628015,5781567.1,-0.03429718101466883,0
2022-03-16,377.3174977059094,362.0704736973867,352.6330675741343,357.9253018575663,5193060,364.06583704770685,357.0504321564832,349.3171804332188,351.8823417359402,56.37061950843666,4.161219671524464,0.8911390547243607,349.3171804332188,371.71878145352343,326.9155794129142,11.200800510152296,-0.05139490208179487,5750898.85,-0.021425769515308946,0
2022-03-17,357.9253018575663,367.04979406616644,360.00164845746264,364.1668211989437,1134055,366.0668070874514,358.91950504624936,350.17815190821153,351.61657777482964,59.74357641470951,4.4612200565262015,1.605155285884472,350.17815190821153,373.50092688036443,326.85537693605863,11.661387486076457,0.01743805008750443,5427107.8,-0.041461541899966314,0
2022-03-18,364.1668211989437,367.44404811483986,363.9289107603815,365.16498110284226,2841648,366.0177204663757,360.90360186799467,351.3628483395644,351.53700723258305,65.02549472417613,4.7248226926021175,2.229088788759155,351.3628483395644,375.2242576595771,327.50143901955164,11.930704660006368,0.0027409413647634384,5400248.35,-0.03629833053768683,0
2022-03-19,365.16498110284226,365.6294766383028,361.8374721053558,363.3464058142955,8132508,365.58420153591146,361.9782207448716,352.5451295292866,351.35820772059265,69.60586392322504,4.732740183299995,2.7298190814909766,352.5451295292866,376.31657920133085,328.77367985724237,11.885724836022133,-0.0049801470093173705,5450685.3,-0.0018788596922683087,0
2022-03-20,363.3464058142955,364.4211955580686,362.07086232027615,364.3765711870879,7437845,362.9960162321471,362.86557025547665,353.6494035018451,351.28200963019253,67.82204174980663,4.766993974732259,3.1372540691376742,353.6494035018451,377.4670791283283,329.8317278753619,11.908837813241608,0.002835215530710089,5696372.45,-0.014022127553872887,0
2022-03-21,364.3765711870879,353.39916838609435,342.30322803275027,350.2564768362687,4828433,361.46225122788763,362.7640441377972,353.69663779567543,350.9590050007508,52.838406432952375,3.6153164496942054,3.2328665469383067,353.69663779567543,377.48181845573913,329.9114571356117,11.892590330031839,-0.0387513782920178,5768625.8,0.010166040648140529,0
2022-03-22,350.2564768362687,349.33251266510615,348.43306655991375,349.06790328322614,3735264,358.4424676447441,362.25463736609777,353.8343590335092,350.6930885017438,52.19594748712552,2.577172172793553,3.101727670255737,353.8343590335092,377.4709728706447,330.1977451963737,11.81830691856774,-0.0033934377567503837,5803596.6,0.00444757850466071,0
2022-03-23,349.06790328322614,354.29310238711497,351.0365885997522,351.9101019179831,5448748,355.79149180777233,360.904606137074,354.1611707351825,350.20828932940145,49.573009010039186,1.9607972756817844,2.873541588760659,354.1611707351825,377.48390383856565,330.83843763179937,11.661366551691565,0.008142251430234948,5769887.5,0.015572448670151395,0
2022-03-24,351.9101019179831,366.2001344845143,360.99779353070807,362.6637288980805,8152747,355.65495642452925,360.61957898022035,355.3904942816149,349.93307048821123,54.03816522086868,2.3120401459752316,2.7612412991876765,355.3904942816149,377.71413501951884,333.066853543711,11.161820368951968,0.030557880894830358,5697863.7,-0.007076214274228443,0
2022-03-25,362.6637288980805,359.7955654187462,356.2140240481424,359.2672364282597,5137270,354.63308947276363,358.8145528524554,356.83749959709183,349.7416526995657,54.55182660872254,2.2903177419313465,2.667056587054795,356.83749959709183,375.8229170695995,337.8520821245842,9.492708736253837,-0.009365404365472951,5570156.75,-0.007306545012611854,0
2022-03-26,359.2672364282597,356.7379494717633,350.8793274935104,353.8171984170607,5317922,355.34523378892203,358.40374250840483,357.72708733244406,349.3125030186524,49.80928012423585,1.813014478049297,2.4962481642647822,357.72708733244406,374.09311174162605,341.36106292326207,8.183012204590986,-0.015169872057863798,5744152.7,0.019339746409092973,0
2022-03-27,353.8171984170607,351.74725454282077,347.61880556459334,350.6204101865356,9847905,355.6557351695839,357.049101407164,357.9843032267067,348.99517276471124,41.01845379028491,1.1637016007836678,2.2297388503341726,357.9843032267067,373.68791907949424,342.28068737391914,7.8518079263937635,-0.009035140871690772,6014878.85,0.031659374022080744,0
2022-03-28,350.6204101865356,358.86598048308014,357.1344331954748,357.39020391660864,8465373,356.751755569309,356.27162368854067,358.5876127782677,348.7752903364196,45.43615750042217,1.1811446073466527,2.0200200009595877,358.5876127782677,373.1272661492922,344.04795940724324,7.269826685512237,0.019308042354041488,5954638.6,0.03273713474942519,0
2022-03-29,357.39020391660864,362.12740034110425,358.3774103925124,360.09744264290697,2020154,356.2384983182743,355.94672737140183,358.9624740581367,348.89094969873,39.224731972109744,1.3970803399473652,1.8954320683878303,358.9624740581367,373.2363182250931,344.6886298911803,7.136922083478201,0.007575022193193615,5835893.85,0.011606206407607234,0
2022-03-30,360.09744264290697,359.5746193824847,354.93398984186075,356.64223419373997,9070924,355.71349787137035,355.17329367206696,359.0194319637718,349.1186568193627,48.997109354966476,1.274977112354577,1.7713410768869076,359.0194319637718,373.2441596869359,344.7947042406077,7.112363861582049,-0.009595204075340757,6236132.55,0.015734693058249594,0
2022-03-31,356.64223419373997,361.5388154440732,359.456547783215,360.6599333096224,7843532,357.0820448498827,356.2136393194024,359.4888417285998,349.3926257064588,47.1601687520054,1.4849895556019987,1.714070772521276,359.4888417285998,373.2490914727899,345.7285919844097,6.88012487209506,0.011265348662267138,6180727.55,-0.0024528458387179652,0
2022-04-01,360.6599333096224,362.606928013729,357.9678347644454,361.7208328924065,5945169,359.3021293910569,357.47893228032046,359.86678482320906,349.57838556977606,47.213805605316956,1.7171608536594931,1.7146887887498576,359.86678482320906,373.42473576294213,346.308833883476,6.778975469866538,0.002941550986960806,6056503.75,-0.03349682049775615,0
2022-04-02,361.7208328924065,370.9612124316161,367.2077149643763,369.09013518035124,7733215,361.6421156438054,359.1969356065572,360.05077087181564,349.8803244980661,54.26357609824958,2.466893427314517,1.8651297166454501,360.05077087181564,374.01913367932565,346.08240806430564,6.9841814037549925,0.02037289981065782,6089080.15,-0.04623720735008385,0
2022-04-03,369.09013518035124,365.99269119271327,363.2937160894927,364.2768078890721,9195810,362.4779886930384,359.35824350565633,359.98891124293834,350.0952924984585,49.92988367932558,2.6424778716011588,2.0205993477876047,359.98891124293834,373.86606389129565,346.11175859458103,6.938576324178644,-0.013041061877547055,6051454.1,-0.027622918764122595,0
2022-04-04,364.2768078890721,363.0945002058581,358.70828064331255,362.2538902803868,8904294,363.60031991036783,359.6569088908691,359.2357308716622,350.3053110625619,60.15970477565547,2.5886616231127846,2.1342118029409254,359.2357308716622,370.5516497428761,347.9198120004483,5.657959435606955,-0.00555324293195536,6319293.8,-0.02111511193614768,0
2022-04-05,362.2538902803868,364.98513973342506,358.17683272770904,359.77529009301156,8185197,363.42339126704564,360.2527180584642,359.32823028343444,350.6667523595183,58.873407620224064,2.319394422441576,2.171248326864079,359.32823028343444,370.6292816705101,348.02717889635875,5.650525693537848,-0.006842163062643181,6468900.65,-0.018009967113084224,0
2022-04-06,359.77529009301156,354.5248894526499,348.2852762027375,349.60433508271075,9171548,361.00009170510646,360.1511105480817,358.60010597762283,350.91632972683675,48.29613624670565,1.271105204231901,1.9912197022481113,358.60010597762283,370.4516370569128,346.7485748983329,5.925765539644957,-0.028270298962642326,6870775.3,-0.01703691605859825,0
2022-04-07,349.60433508271075,354.55353730185107,349.3596531451537,352.02443806914687,7714301,357.5869522828656,359.61453396333553,357.9430788259381,351.2696838688087,41.03370559903159,0.628268876281652,1.718629536946367,357.9430788259381,369.7189451085907,346.1672125432855,5.8879331413263065,0.006922405541291532,7114407.95,-0.03103112495880045,0
2022-04-08,352.02443806914687,354.9704798058699,350.94797666984107,354.21441921709834,8969693,355.5744745484709,359.02623162075463,357.48647949607823,351.51876812640245,45.65332996791668,0.29207840239905636,1.4333193099460944,357.48647949607823,369.08706639441414,345.8858925977423,5.800293449167963,0.006221105443597885,7156267.2,-0.04265946647900842,0
2022-04-09,354.21441921709834,355.70735217191634,351.5211939923756,354.6048588378115,2859582,354.04466825995576,358.8224940851618,356.9978938786144,351.72185194926584,50.74219008611469,0.056486078189209366,1.157952663524601,356.9978938786144,368.1926363836198,345.80315137360896,5.597371252502711,0.0011022691328492762,6927354.05,-0.0581014026745611,0
2022-04-10,354.6048588378115,358.5081197466933,348.5063380240168,353.2957489503361,8744064,352.7487600314207,358.0860756492332,357.14985748431775,352.1347767045008,52.61388243389729,-0.2331238723938327,0.8797373562842408,357.14985748431775,368.0375912721081,346.2621236965274,5.443866893895189,-0.0036917426675029397,7123135.6,-0.05671543591614736,0
2022-04-11,353.2957489503361,346.5954868466903,342.2273939535915,343.64815537218453,3129885,351.55752408931545,356.2788078972109,356.87887008876567,352.30497404834756,37.288445520487755,-1.2266759882706992,0.45845468730459943,356.87887008876567,368.8312963234661,344.9264438540652,5.97621311735023,-0.027307414841008293,7092866.65,-0.021427158078817343,0
2022-04-12,343.64815537218453,341.6462752261206,334.69895964306016,341.10072374287165,5720642,349.3727812240604,353.479866753463,356.3384011800101,352.4691423203514,32.37570876280512,-2.194256658645088,-0.07208758195450489,356.3384011800101,370.080433921751,342.5963684382692,6.871016370870456,-0.007412906455307233,7106461.35,0.024058067376151016,0
2022-04-13,341.10072374287165,339.16830576174647,336.47987233290604,339.1038210741251,1549239,346.3506615954658,350.96256807196835,355.16040578881234,352.6768515441647,33.276127314943196,-3.0865659193212878,-0.674983249490741,355.16040578881234,370.5587923841201,339.76201919350456,7.699193297653898,-0.005854290330535417,6776285.95,0.034715205015413586,0
2022-04-14,339.1038210741251,337.35028545946415,329.8446497929969,334.0018191441199,9945309,342.2300536567275,348.1373609583417,353.8971349246053,352.6955186716013,25.09498259401576,-4.157360473067001,-1.3714586942641047,353.8971349246053,371.81611419905295,335.9781556501577,8.959489637223816,-0.015045545384432368,7016687.9,0.056982626403306647,0
2022-04-15,334.0018191441199,333.32012312700766,327.33069142722616,333.258426541296,6408753,338.2225891749194,345.4856746031701,352.8691963308171,352.5552992072954,23.250653088256982,-5.008204320995503,-2.098807819658935,352.8691963308171,373.0264380775127,332.7119545841215,10.078620873347791,-0.0022257142333201863,7071229.45,0.05882248451261862,0
2022-04-16,333.258426541296,337.25546701161784,331.2537831204772,336.28475202353076,4047569,336.7499085051887,344.15371629725206,352.1524134226669,352.3420464137842,16.428571658133478,-5.3763894820706355,-2.754324152176279,352.1524134226669,373.62310127268034,330.6817255726534,10.735343925006719,0.009081017136290725,6781212.65,0.010076027177491564,0
2022-04-17,336.28475202353076,350.4342262902739,347.021203234175,349.30694793673155,1785332,338.39115334396064,343.88196728401056,351.748250623673,352.49876432300306,36.88417939853621,-4.5650291051467775,-3.1164651427858496,351.748250623673,373.10782802825867,330.38867321908737,10.679788702292816,0.038723718024210596,6447210.6,-0.027122934549628996,0
2022-04-18,349.30694793673155,353.77843359492914,350.6808465411635,350.8758797442235,9555080,340.74556507798036,343.5481133367231,351.28717247873885,352.7222662774906,39.9512331928583,-3.7521963275050325,-3.2436113797340322,351.28717247873885,372.2829114461898,330.2914335112879,10.49786948372547,0.004491556256636775,6823956.9,-0.029337909073780644,0
2022-04-19,350.8758797442235,354.86759041885256,352.045735246167,353.0341200224341,1397710,344.55202525364314,343.39103945518525,351.1067667701736,352.9371268432209,44.01249029503732,-2.9004707867171646,-3.1749832611287827,351.1067667701736,371.97035492402694,330.2431786163202,10.431794076926677,0.006151007814455323,6440296.2,0.013219944011021445,0
2022-04-20,353.0341200224341,358.2699609273222,348.8900974697928,352.86151517522103,7503216,348.4726429804282,343.34761607767376,350.7168458634535,353.0081213275321,53.51783367013932,-2.213877658032743,-2.9827621405053706,350.7168458634535,371.1149861830707,330.3187055438363,10.19907015980861,-0.0004889183153233834,6423280.4,0.010829297592982456,0
2022-04-21,352.86151517522103,340.04259536425826,331.3656031346922,339.67316632429583,5317048,349.15032584058116,342.950117172885,349.61446253504795,352.87531508348695,39.1776076722082,-2.702591250543094,-2.9267279625119342,349.61446253504795,369.8913342835234,329.3375907865725,10.138435874237725,-0.03737542430598084,6391874.35,0.05745937757876263,0
2022-04-22,339.67316632429583,341.19786631565455,339.3935825945931,339.8327184501129,4188729,347.25547994325746,342.823316643609,348.15159169853604,352.76449209479887,36.93358334583366,-3.0419604050998146,-2.949774451029833,348.15159169853604,366.6565021604385,329.6466812366336,9.252455230951226,0.0004697224910157338,6214650.05,0.05728608017730075,0
2022-04-23,339.8327184501129,342.9324207119399,340.20933620163265,340.58191508810467,5785956,345.19668701203375,342.97112604500705,346.96684705848764,352.81458523717237,37.34204647565545,-3.213424592140427,-3.0025044792525426,346.96684705848764,364.1087049555025,329.8249891614728,8.570928948507431,0.0022046041988206255,6044157.35,0.03135709165505074,0
2022-04-24,340.58191508810467,359.1363818111229,355.10513531804645,357.7012113231109,6105724,346.1301052721691,345.3410652629061,346.73921311062384,353.3620668612601,53.09363604268792,-1.9456957147069147,-2.791142726341524,346.73921311062384,363.130816732632,330.34760948861566,8.195801811004076,0.05026484224970562,5904228.85,0.005424131659879539,0
2022-04-25,357.7012113231109,357.48205677570786,354.9670805404214,356.6827575321642,6025764,346.8943537435577,347.6834983619929,346.5845864825815,353.775213137703,60.41553724489813,-1.0115222771368053,-2.4352186364980293,346.5845864825815,362.5101287859666,330.6590441791965,7.962771151692527,-0.002847219295622483,5796257.2,0.024466669389456852,0
2022-04-26,356.6827575321642,359.235805758277,358.38640472726314,359.19057504149737,8996198,350.797835486998,349.9740806637896,347.06389848052083,354.0495027925073,64.46418362158647,-0.06806446962775681,-1.9617878031212606,347.06389848052083,363.92185633887976,330.2059406221619,8.428978929179458,0.00703094684667227,5787489.7,0.034425860102995864,0
2022-04-27,359.19057504149737,359.6513534216474,356.4602249036217,359.30040280611615,1910775,354.6913723581987,350.973426150728,347.4276967173693,354.3290305909219,66.65115577643122,0.6806466426720021,-1.433300913960184,347.4276967173693,365.0338208429162,329.8215725918224,8.803062062773453,0.0003057646058950425,5497313.4,0.01633564849222191,0
2022-04-28,359.30040280611615,353.9768597450021,349.6054862461426,351.26157341557507,6954878,356.82730402369276,351.0119955178632,347.2800544272932,354.3022577183229,63.572614282446835,0.6182796757717597,-1.0229847960122898,347.2800544272932,364.69503391575665,329.8650749388297,8.707489744231747,-0.02237356075239072,5396572.65,0.06980144917086295,0
2022-04-29,351.26157341557507,359.72957852937435,352.87288998013844,359.6414297882259,6927997,357.2153477167157,351.67272649444243,347.53188297481387,354.38502479246665,68.52232307507666,1.230783877801798,-0.5722310612481489,347.53188297481387,365.5287813279759,329.53498462165186,8.998449176581016,0.02385645629030031,5599993.4,0.016624154934243407,0
2022-04-30,359.6414297882259,367.22933018492574,360.49330267388683,365.40959663762345,1558924,358.9607155378076,352.92753464068267,348.13757535917824,354.66778196495784,69.68924111592712,2.1567362771687613,-0.026437593563485164,348.13757535917824,367.69866936379447,328.576481354562,9.780547002308122,0.016038660653735493,5240736.4,0.013320733649811345,0
2022-05-01,365.40959663762345,376.9478309549516,365.6364387145938,371.5560195281906,4881185,361.4338044351462,356.11581996107213,349.5329685669785,355.01566293551724,66.58261215224897,3.3478900567112646,0.6484279364927326,349.5329685669785,371.5704919974839,327.49544513647317,11.018761715252673,0.016820638940860944,5328301.4,0.041212870660958245,0
2022-05-02,371.5560195281906,368.6727753222257,363.303002585946,365.16980788947063,6004998,362.6076854518171,358.6495289050079,350.7364227743085,355.0108508091422,59.939754181479344,3.733574349604112,1.2654572191159357,350.7364227743085,373.45340476276726,328.0194407858497,11.35849099422937,-0.017187749095894822,5342519.2,0.03949345277304217,0
2022-05-03,365.16980788947063,383.8713723372982,372.06140189625387,375.78014027801964,6166650,367.51139882430607,362.1693514239994,352.5702387345032,355.2161736053703,64.15347126352626,4.839547442497462,1.9802752637931005,352.5702387345032,377.1762019836067,327.96427548539975,12.30298162455174,0.029055886218722016,5573389.75,-0.00028783241194174636,0
2022-05-04,375.78014027801964,368.4257420605736,365.16026229343703,365.62016463779815,6693075,368.70714579422054,362.9612467554681,354.1511560091871,354.98222694400806,57.06128311169879,4.840469257015627,2.552314062438156,354.1511560091871,377.777333068748,330.5249789496262,11.813088529780462,-0.027037021255845728,5410778.05,0.030567817383738483,0
2022-05-05,365.62016463779815,373.5071242831093,370.070783946868,370.2771205475182,9109916,369.6806505761994,364.3206830570035,356.00209070949825,355.2292633178071,68.70408224315625,5.157501038091652,3.073351457569256,356.00209070949825,378.5103514340594,333.4938299849371,11.254130362280572,0.012737141876005387,5545836.2,0.00837722529859386,0
2022-05-06,370.2771205475182,387.5782029229363,382.6358229067208,386.86890970430636,6193278,372.74322861142264,367.0885165232844,358.53129859353703,355.6833050879144,73.93866635399169,6.670598076074953,3.7928007812708375,358.53129859353703,382.9939565960404,334.06864059103367,12.231329001251668,0.04480911251619957,5653121.65,-0.06383614284478423,0
2022-05-07,386.86890970430636,387.9039329779817,373.16717047029283,379.5916244514943,1431413,375.62759192382737,369.11763868782225,360.04553241927516,355.9718379548874,68.61661488207099,7.199559778404819,4.474152580697969,360.04553241927516,385.8181959142666,334.2728689242837,12.886331747495708,-0.018810726502613728,5635425.7,-0.04362616883630299,0
2022-05-08,379.5916244514943,378.7085287352561,369.92588662548275,375.6719785738836,5165100,375.60595958300013,371.55867920365307,361.28533736075815,356.21834941007916,59.812416214934345,7.21927827452015,5.023177719462621,361.28533736075815,387.58104177524615,334.98963294627015,13.147852207244007,-0.01032595459205532,5415926.7,-0.05321249972003583,0
2022-05-09,375.6719785738836,379.96041652420195,376.2010070281011,376.7963750622588,1863561,377.8412016678923,373.27417373105635,362.4734501127494,356.4667454875826,60.969766109162464,7.242147027005899,5.466971580971415,362.4734501127494,389.3404982157062,335.6064020097926,13.433524051478413,0.002993027301752882,5439219.25,-0.04615277513442795,0
2022-05-10,376.7963750622588,375.6170217672538,371.7851310733212,373.3790154092594,1302186,378.46158064024047,374.07111560821994,363.4993251244513,356.9291962590424,57.66221602244438,6.904933525829108,5.754563969943026,363.4993251244513,390.3878884173491,336.6107618315535,13.444281646448903,-0.009069513082323954,5129167.75,-0.05416042862919668,0
2022-05-11,373.3790154092594,369.8648610150832,358.5071250734193,362.1726907222163,4207393,373.5223368438225,373.13278272762255,364.6243013443474,357.1912920078222,51.385122256744545,5.668128745269144,5.7372769250082465,364.6243013443474,389.0890478672941,340.15955482140066,12.232373261473352,-0.030013268621322697,5073685.0,0.006307782603060641,0
2022-05-12,362.1726907222163,364.940152475641,357.0238452192429,363.0314961543269,6489464,370.210311184389,372.91895155410816,365.784240229558,357.41371989254907,56.09818260207933,4.703034398379316,5.530428419682427,365.784240229558,387.32486739227613,344.2436130668399,10.77031358135907,0.0023712594961204925,5188721.75,-0.01079544797847154,0
2022-05-13,363.0314961543269,358.3816282112548,352.75366776268083,355.6815335191955,8456985,366.2122221734514,370.90909087822575,366.5392211511126,357.27407598497143,47.92618334382752,3.3070082725399743,5.08574439025388,366.5392211511126,385.2306264638123,347.8478158384129,9.345702656349859,-0.020246074274522075,5322273.2,0.004152202286740181,0
2022-05-14,355.6815335191955,359.94670125050004,359.14266738984225,359.4061766925428,7767528,362.73418249950817,370.2876920837002,366.62446941958416,357.276854790257,46.787213515999156,2.472682526998824,4.563132017602815,366.62446941958416,385.1610651716561,348.0878736675122,9.268297876035964,0.01047184861270356,5405363.4,0.010908179183670486,0
2022-05-15,359.4061766925428,354.36358184157706,348.6010652208836,353.1566478935465,2026553,358.6897089963656,368.57564481830303,366.44816393765325,357.2636437797868,40.16425806925889,1.2923062275878578,3.9089668595997695,366.44816393765325,385.44427696834447,347.45205090696203,9.498056515345597,-0.01738848468467613,5205402.85,0.004500004202722119,0
2022-05-16,353.1566478935465,371.29503697760003,359.7371895243075,364.45719732005756,9533879,359.14661031593386,366.33447357987814,366.7114950515813,357.54037952245716,49.63807604318564,1.2542275998297328,3.378019007645727,366.7114950515813,385.42795535447095,347.9950347486917,9.358230151444811,0.03199868810035089,5232286.9,-0.021244710909921527,0
2022-05-17,364.45719732005756,362.52549845953325,357.9065640019735,359.11240852304616,4743797,358.36279278967766,364.28655198703336,366.70209533742775,357.5748236145859,41.056357558257105,0.7837461956735865,2.8591644452512712,366.70209533742775,385.43440921639467,347.96978145846083,9.366156939483467,-0.014665065846724779,5373938.0,0.020284034616170565,0
2022-05-18,359.11240852304616,359.2188550344162,351.19734470082534,357.15839519602514,2514542,358.65816512504364,362.4351936492475,366.9969364264503,357.5160426656483,45.021085600212416,0.25033173017038735,2.337397902235072,366.9969364264503,384.87198160298465,349.12189124991596,8.937522588267157,-0.005441230324113477,5151921.2,-0.006089374316002538,0
2022-05-19,357.15839519602514,366.5908235392505,362.3834791234621,363.32664366762293,7357718,359.4422585200597,361.0882205097839,367.1811971204201,357.64973085512594,45.98179526316904,0.3216054184082964,1.9342394054697034,367.1811971204201,384.8112875537411,349.5511066870991,8.815045216660517,0.017270344347393385,5173407.25,-0.018378218793530077,0
2022-05-20,363.32664366762293,356.4909171606799,349.41351698299854,354.7458542932867,5180656,359.76009980000765,359.22490439818665,366.6480100032033,357.53144927479923,29.533286822475446,-0.31071253143619515,1.4852490180885118,366.6480100032033,385.1282061412715,348.1678138651351,9.240098069034117,-0.02361728632867921,5354493.85,0.011596704228489907,0
2022-05-21,354.7458542932867,361.4238716127155,355.83780860395245,356.7144095239527,9465506,358.21154224078674,358.67907627836024,365.9059295029914,357.43132080743015,34.366569785234574,-0.6455444028250668,1.059090333905787,365.9059295029914,384.74476411769143,347.06709488829136,9.41941730735002,0.005549198692082591,5583709.9,0.02275064320870568,0
2022-05-22,356.7144095239527,373.10706074193837,365.3974070060849,366.39665704862404,7846192,359.6683919459023,359.01559236778996,365.96727196094906,357.37745124479557,44.12435291228042,-0.12816020223368696,0.8216402266778882,365.96727196094906,384.80400375000687,347.13054017189125,9.41836589452891,0.02714285508564851,5675769.6,-0.02791364783889183,0
2022-05-23,366.39665704862404,359.17034214202323,345.41002079316115,354.9835240375738,9676924,359.23341771421207,358.9457914196278,364.9274411489268,357.1915855677656,37.77566249292364,-0.6317770864749264,0.5309567640473213,364.9274411489268,383.7793966684604,346.0754856293932,9.425977759766791,-0.0311496646912246,5851283.3,-0.022153941694893042,0
2022-05-24,354.9835240375738,358.32265901684275,356.4557048298267,356.6493471167804,8347689,357.89795840404355,358.6701084620516,364.47890027287593,357.07949470449347,40.43662792538198,-0.8862646166315358,0.2475124879115468,364.47890027287593,383.68501374282687,345.272786802925,9.603056734975471,0.004692677170646142,5934014.0,-0.015588053054449102,0
2022-05-25,356.6493471167804,365.0074871080769,358.0310059939633,358.8597370418089,2829553,358.720734953748,359.2404173768778,363.9080310975904,357.06118364346946,47.889071446009055,-0.8992244262512941,0.018165105078976684,363.9080310975904,383.0671601801276,344.74890201505326,9.57956454126858,0.006197655884968567,5619995.85,-0.01486208171644987,0
2022-05-26,358.8597370418089,369.7692228999763,362.28992285510503,364.8298917824363,4041341,360.3438314054447,359.2776868231157,362.8060802014969,357.365694777464,51.075816457502775,-0.42288470073117423,-0.0700448560830541,362.8060802014969,378.6537434487239,346.9584169542699,7.923831623613489,0.016636457435546204,5512399.0,-0.02515943722453129,0
2022-05-27,364.8298917824363,356.5771454332496,349.5837778514001,356.1691897944215,2039504,358.29833795460416,358.98336495025325,361.6349584686433,357.4485898119695,50.2872162716309,-0.7357392853177203,-0.20318374192998803,361.6349584686433,375.61101574439607,347.6589011928905,6.988028637876392,-0.02373901421756175,5542803.55,0.006462465465749467,0
2022-05-28,356.1691897944215,351.41593831493975,343.2087157776166,347.1192397433977,7666455,356.72548109576894,357.97944940499053,360.207321527119,357.3066862224955,43.190484186396645,-1.6943944935002264,-0.5014258922440369,360.207321527119,373.97779759251455,346.43684546172346,6.885238032697785,-0.025409132261685508,5667871.3,0.01968997829856778,0
2022-05-29,347.1192397433977,356.68775229689265,350.14583719600193,351.0898781720894,8663589,355.61358730683077,356.75577285543716,358.92199668261054,357.23638660918107,48.82489759371851,-2.109425162391858,-0.8230257462736023,358.92199668261054,370.84820338173347,346.9957899834876,5.963103349561467,0.011438831312337916,6007872.7,0.013848956436358417,0
2022-05-30,351.0898781720894,355.64528285253897,349.61447382183866,353.5263343051498,8918348,354.54690675949894,356.63382085662346,357.92936262740506,357.24099831627734,43.0883718137275,-2.2161931105127337,-1.1016592191214292,357.92936262740506,367.94003865769514,347.91868659711497,5.00533801514503,0.006939693464663721,6388680.8,0.013770175555105846,0
2022-05-31,353.5263343051498,355.6696262917834,346.498797739941,355.6509770225035,5988023,352.71112380751237,356.52747760647856,357.6032769424194,357.48105474928366,47.71841173923796,-2.1051016510563727,-1.3023477055084183,357.6032769424194,367.45558988952524,347.7509639953136,4.926156473552919,0.006009857006917585,6477712.3,-0.005675565190242482,0
2022-06-01,355.6509770225035,358.6393326505369,358.2586400176875,358.470920883432,8635836,353.1714700253145,355.7349039899594,357.3752481788747,357.82845869209484,50.855381282629956,-1.769123348160747,-1.3957028340388844,357.3752481788747,366.9043795171215,347.8461168406279,4.764565669123407,0.007928964189939602,6585030.9,0.024300818460794904,0
2022-06-02,358.470920883432,355.5470348250711,353.90470675366436,353.95401004096055,8809006,354.53842408482706,355.63195259029806,357.2888720049629,358.1254624714316,43.75743202121415,-1.8460523329300713,-1.485772733817122,357.2888720049629,366.91348539128614,347.6642586186397,4.812306693161602,-0.012600494431569853,6602631.95,0.04824041577525029,0
2022-06-03,353.95401004096055,358.16915405528954,355.8662328443539,355.95210660014106,2675843,355.51086977043735,355.5622285386341,357.11616850034284,358.5644682205521,50.88063498376032,-1.7258954045645396,-1.5337972679666056,357.11616850034284,366.7047038812765,347.5276331194092,4.794267690466839,0.005645073943220114,6348047.7,0.018563341348813767,0
2022-06-04,355.95210660014106,362.22074640047634,357.6845291950896,358.39445399188475,9423309,356.48449370778434,355.51570023364167,357.37805880525974,359.0671887695638,51.2181043197586,-1.4172570876071973,-1.5104892318947238,357.37805880525974,366.7958418810247,347.96027572949475,4.708891537882481,0.006861449465973557,6717885.5,0.025917452680032316,0
2022-06-05,358.39445399188475,354.1359567881813,353.12195144622484,353.63245671743886,4229028,356.08078964677145,354.39595672714194,356.8368217751288,359.41414286344195,40.03438167851724,-1.539167637378057,-1.5162249129913903,356.8368217751288,365.7735127113838,347.9001308388738,4.4683454681275085,-0.013287028360527309,6452642.95,0.020503976687114234,0
2022-06-06,353.63245671743886,367.62376163108337,365.07567369444473,367.1820576552942,8056993,357.8230170011439,355.4972435132292,357.2403042317412,359.7716450578132,59.216505038612695,-0.5362670367733244,-1.320233337747777,357.2403042317412,367.27126432370557,347.2093441397769,5.015480045982186,0.03831549022289504,6618302.75,-0.0006997393410456132,0
2022-06-07,367.1820576552942,372.9376153908931,368.9998939437968,371.0288986506536,2721610,361.23799472308247,357.88820940395476,357.93382940447265,360.1747054359418,60.517723022993366,0.5624615718782024,-0.9436943558225811,357.93382940447265,369.7075275257862,346.1601312831591,5.88684906065677,0.01047665841823564,6628656.15,0.012844037193003643,0
2022-06-08,371.0288986506536,365.1397963031436,362.44101687858955,362.55976705878885,3339767,362.5595268148121,359.0351982926247,357.89548557403094,360.36521837666885,52.47933414118817,0.7412817564632519,-0.6066991333654145,357.89548557403094,369.60002624861556,346.1909448994463,5.852270337292315,-0.022826069944053007,6427758.6,0.020527038949612608,0
2022-06-09,362.55976705878885,371.8182444856468,365.68504411187905,367.68312529400544,3614235,364.4172610752362,360.4508773915103,358.54234912406685,360.6616505790446,51.93385498679663,1.281634610004744,-0.22903238469138268,358.54234912406685,370.9243509939318,346.1603472542019,6.191000934932466,0.014131072172676618,6349437.55,0.02670219099915694,0
2022-06-10,367.68312529400544,366.41969064606195,358.31078677913973,360.8833283657802,1491036,365.8674354049045,360.97411252583794,358.7507950661582,361.0858538198743,53.277817727044685,1.1479505829782966,0.04636420884255325,358.7507950661582,371.14358741420295,346.3580027181135,6.196396174022358,-0.01849363340454646,5950714.05,0.05572922407645953,0
2022-06-11,360.8833283657802,371.61324321188243,366.5346066772468,366.92512592422673,9715912,365.81604905869096,361.81953302991747,358.7772185099384,361.62770196935656,64.37259645321184,1.5120953586947508,0.33951043881299287,358.7772185099384,371.2407037107621,346.3137333091147,6.231742600411857,0.0167416920748491,6044200.05,0.0564555583489974,0
2022-06-12,366.92512592422673,377.0432250973741,374.83621750081744,375.79440762460183,7046914,366.7691508534806,364.00357278828153,359.81776268928974,362.3319518200865,66.73744010166013,2.487680800471253,0.7691445111446451,359.81776268928974,374.2647304261279,345.37079495245155,7.223483868419082,0.024171911580147976,5912699.55,0.07168489126514754,0
2022-06-13,375.79440762460183,372.7714610144589,364.4372406965523,370.0020455187671,3710241,368.2576065454763,365.40856668014413,360.4853976093891,362.57796850399956,60.676867646233724,2.76161132924841,1.1676378747653984,360.4853976093891,375.5373196515726,345.4334755672056,7.525961021091735,-0.01541364636703424,5680827.15,0.08420860952337406,0
2022-06-14,370.0020455187671,383.35668564285834,367.4936309318906,377.5010703327729,2142953,370.22119555322973,367.31922831423293,361.4174642739373,362.99433476001184,63.2375883746354,3.5429689966156275,1.6427040991354445,361.4174642739373,378.248995318122,344.5859332297526,8.41576552209237,0.02026752258488651,5646497.15,0.04771410409160626,0
2022-06-15,377.5010703327729,381.4357908988471,376.8364888751132,380.9950762377353,4961352,374.24354512762073,370.0554902662626,362.22572349670224,363.43042478393653,63.535410374489985,4.3934914394367865,2.1928615671957132,362.22572349670224,381.1674604615417,343.2839865318628,9.470868482419712,0.009255618538730026,5692497.7,0.020675697018112782,0
2022-06-16,380.9950762377353,392.21151743184674,382.809763034076,387.6400887805552,4978702,378.38653769888646,372.1012933787887,363.79926844600897,363.9972185034254,69.73809377022927,5.539872038399039,2.8622636614363786,363.79926844600897,385.630858954208,341.9676779378099,10.91579525409952,0.017441203199889843,5839457.6,-0.012185849236888036,0
2022-06-17,387.6400887805552,403.00510820648367,394.3829582724587,402.73318887322193,9168984,383.7742939486105,375.27172240104557,366.57996590250013,365.0266508125782,73.76419554653754,7.578906254691049,3.8055921800873134,366.57996590250013,393.12453961691847,340.0353921880818,13.27228685720918,0.038935859653078886,5914584.05,-0.04972120025638427,0
2022-06-18,402.73318887322193,409.42628737152995,399.7846797851357,401.1594032927066,1326916,390.0057655033984,379.1316860244373,369.083442158531,365.8570102826679,71.91745871943814,8.964526922893924,4.837379128648636,369.083442158531,398.7388851665828,339.4279991504792,14.827721504025902,-0.003907762320057406,5547750.4,-0.03852993518230463,0
2022-06-19,401.1594032927066,402.45580035865106,394.04409805809786,395.5131956973236,4597706,393.6081905763085,381.9146930647691,371.1827852281397,366.45908226386194,71.27150155422106,9.497558398047204,5.7694149825283505,371.1827852281397,402.11812906143314,340.2474413948463,15.467671916646704,-0.01407472328714976,5331718.3,-0.018432576833410597,0
2022-06-20,395.5131956973236,389.84056789609286,383.39899028077105,388.8724149994195,5506554,395.1836583286454,384.7136017281331,372.8438571269855,366.80541017328653,61.84818870491574,9.277193385202054,6.470970663063093,372.8438571269855,403.83530366901323,341.85241058495774,15.495723271013887,-0.016790288592510416,5307644.85,0.015844027582704978,0
2022-06-21,388.8724149994195,386.6366692702682,379.93797771323335,382.9163651005014,1605409,394.2389135926346,386.3127256457605,374.066129337839,367.1603413175071,56.347179283386446,8.523694006669018,6.881515331784279,374.066129337839,404.59558530420827,343.53667337146976,15.264727983184638,-0.015316205699308805,4956123.5,0.032944824908857306,0
2022-06-22,382.9163651005014,385.1787219646917,378.45853972215986,382.7088113393642,7849486,390.23403808586306,387.0041660172368,375.50386940275916,367.29891473873397,61.799335089283375,7.819652394401942,7.069142744307812,375.50386940275916,404.7256463122162,346.2820924933021,14.610888454728535,-0.0005420341882821367,4908147.5,0.06458322029200247,0
2022-06-23,382.7088113393642,390.9816071432934,378.94420206716836,385.7027574860666,6050405,387.14270892453504,388.57423721396674,376.99140194705546,367.70056659569934,60.82225023264385,7.417772954285567,7.138868786303363,376.99140194705546,405.0273713072337,348.95543258687724,14.017984680089123,0.007823039496332784,5076875.6,0.051784666052116624,0
2022-06-24,385.7027574860666,391.9689218648485,384.5903508327931,388.22286832900494,9337735,385.6846434508713,389.64641701358994,378.48282266391146,368.0594815513291,67.3094179666831,7.219411326238912,7.1549772942904735,378.48282266391146,405.5086841345035,351.45696119331944,13.512930735296012,0.006533815986600411,5072596.9,0.10285126784322673,0
2022-06-25,388.22286832900494,397.74385487421387,390.0106488718002,395.0337202688234,2725690,386.9169045047521,391.0502814166988,380.5528858414807,368.2227777626194,67.62469488637885,7.5250424498171355,7.228990325395807,380.5528858414807,405.8514189246182,355.2543527583432,12.649266541568753,0.017543664980720575,4997430.0,0.0984830608589784,0
2022-06-26,395.0337202688234,399.7178797166851,392.67703752439013,395.5314777034735,4280772,389.4399270253465,391.83942030899055,381.97035684388965,368.5415748276591,63.827180998564344,7.718448646073,7.326881989531246,381.97035684388965,407.2913264091109,356.64938727866837,12.660484782610645,0.0012600378375582366,4808618.95,0.07939001054086248,0
2022-06-27,395.5314777034735,414.5909298246214,402.8253353539444,407.4253788097848,9197295,394.3832405194306,392.30863930264684,383.7901808518462,369.176642832377,74.15278462465707,8.730818409476456,7.607669273520288,383.7901808518462,410.9639959228015,356.6163657808909,13.586907535477652,0.030070681543146405,5132403.2,0.026484110461217902,0
2022-06-28,407.4253788097848,410.4764446922592,403.54839185222625,405.6762459778631,6809041,398.37793821778996,392.76032357116253,385.9460047977999,369.7542402506891,69.64188010719049,9.284957242250073,7.943126867266246,385.9460047977999,412.8680947703646,359.0239148252352,13.461044986282356,-0.004293136664759056,5305866.9,0.04188856995159118,0
2022-06-29,405.6762459778631,436.8830975793313,426.0568151670472,428.1520825423772,6087268,406.3637810604644,396.02421225566786,388.9694526602185,370.8497015933515,75.9949904351111,11.406242723098444,8.635750038432688,388.9694526602185,420.451412077629,357.487493242808,15.740979708705249,0.0554033833317924,5429518.55,-0.01623018413394217,0
2022-06-30,428.1520825423772,435.10690840904255,428.6345750430073,433.9378501834066,7155579,414.1446070433811,400.53075577406656,392.6221787510998,372.28500478257524,75.7654146979781,13.399775155182681,9.588555061782687,392.6221787510998,427.1849169516784,358.0594405505212,17.28136910028932,0.013513346955300154,5712745.7,-0.01451536738568493,0
2022-07-01,433.9378501834066,429.9961485996602,423.88870225412444,426.93272588759515,1403119,420.4248566802054,404.93239185277594,395.62255874926825,373.5630293772407,64.79970787658885,14.250142608570343,10.520872571140218,395.62255874926825,431.1963461414912,360.0487713570453,17.786893696111466,-0.01614315112832565,5297106.05,0.012136558810147857,0
2022-07-02,426.93272588759515,424.49877027148347,417.21059905466234,418.21567754688664,9212420,422.5829164276258,408.48307847352817,397.7436222453825,374.81371225779446,59.592947692440035,14.058613520936092,11.228420761099395,397.7436222453825,433.39814404518063,362.08910044558434,17.827260899899084,-0.0204178499612222,5405381.35,0.03276120254757742,0
2022-07-03,418.21567754688664,422.9826197814799,421.0851907627447,422.6694437852058,1402732,425.98155598909426,412.1797471034421,400.3769921587044,376.07897759964777,65.48112107659104,14.103628945233652,11.803462397926248,400.3769921587044,435.1739132288432,365.5800710885656,17.398460535069404,0.010649448304863807,5290005.9,0.0055942260524686205,0
2022-07-04,422.6694437852058,428.0628744955832,418.20851001221735,421.2030954053836,1506079,424.5917585616955,415.47776981108,402.562093412335,377.4399065498845,69.58647077725412,13.861198718909577,12.215009662122915,402.562093412335,436.794572843732,368.329613980938,17.116239715698494,-0.003469255706517016,5258162.2,-0.020468366462027654,0
2022-07-05,421.2030954053836,433.54093608396295,425.73923931469363,427.6390828654402,2950013,423.33200509810223,418.7383060707416,404.89429374372014,378.70354426079217,76.93713401570946,14.026709931415894,12.577349715981512,404.89429374372014,439.29528387820756,370.4933036092327,17.20049506724372,0.01528000988184175,5157595.25,-0.042861432013561185,0
2022-07-06,427.6390828654402,439.4747777651401,430.5544338913295,432.11422002330664,2132658,424.3683039252445,422.39658030272494,407.1180003058578,380.1635804907973,78.30259118668128,14.353526209634992,12.93258501471221,407.1180003058578,442.5569113051433,371.6790893065723,17.71945549964274,0.010464752491470941,5015293.05,-0.035602626945532845,0
2022-07-07,432.11422002330664,432.1568459811481,426.90958441789644,431.91692606757255,2985209,427.10855362938173,424.8457350285037,408.5771871655753,381.65875110822833,77.35081995927975,14.430267344933213,13.232121480756412,408.5771871655753,445.62275961975917,371.53161471139146,18.52278622709193,-0.0004565782531374962,4706104.3,-0.030065949889689247,0
2022-07-08,431.91692606757255,426.66636075586973,420.43906601213723,425.0339521992114,5322626,427.58145531218287,426.7815056506386,409.7709146109006,382.89289727886006,70.7160140615549,13.7768757677498,13.341072338155092,409.7709146109006,447.34492712007943,372.1969021017218,18.7870062545894,-0.01593587436136812,4905889.8,-0.03793028288100553,0
2022-07-09,425.0339521992114,412.7166486595228,410.04051815014884,412.5817560936858,1656951,425.8571874498433,425.2244730057694,410.6243426307186,384.04961531486805,59.28582752571098,12.114620679268512,13.095782006377776,410.6243426307186,447.6055098711631,373.6431753902741,18.490583620222264,-0.029296944493717336,4758852.05,-0.0044699830279456565,0
2022-07-10,412.5817560936858,417.77210374148086,406.8822374638375,409.30985938886147,9399911,422.1913427545275,422.761673926315,411.6462148501908,385.10152431216625,57.08309695040125,10.413219809224415,12.559269566947107,411.6462148501908,447.19848629607725,376.09394340430435,17.776135722943234,-0.00793029904134046,4953519.9,0.012224691843999658,0
2022-07-11,409.30985938886147,417.1012084289993,415.43984633476634,416.72981864995694,4479591,419.1144624798576,421.74138320255116,413.33688752766346,386.1081875441929,55.01379102378916,9.553449629094246,11.958105579376536,413.33688752766346,446.25496863332774,380.4188064219992,16.459040552832136,0.018127975886469416,5097229.0,-0.022378626567688853,0
2022-07-12,416.72981864995694,424.395759666455,417.5646612976729,418.93093341191627,6203916,416.5172639487264,421.8129087890541,415.1479936312911,387.3871357316797,57.10779888421777,8.946556734446688,11.355795810390568,415.1479936312911,444.79401935042404,385.5019679121582,14.823012859566475,0.00528187488260401,5014950.5,-0.023552778264818275,0
2022-07-13,418.93093341191627,411.65066754103253,403.7963369305409,408.91229415826353,7026988,413.2929323405368,420.4371938263598,416.308470464901,388.4323946725094,38.0917222515483,7.569908336271624,10.59861831556678,416.308470464901,442.7446513384712,389.8722895913308,13.218090436785097,-0.02391477557423971,5063779.65,0.0025358434871913804,0
2022-07-14,408.91229415826353,412.24327920038996,406.9421969590341,410.737522646307,8426263,412.9240856510611,419.3906365504522,417.4342031807661,389.4699503845994,34.90008602467341,6.550673123771446,9.789029277207714,417.4342031807661,440.54277671125163,394.3256296502805,11.554286765242786,0.004463618517023704,5018206.05,-0.023736661616350685,0
2022-07-15,410.737522646307,418.20759556218366,413.5474716899408,414.3135462886011,3366610,413.92482303100894,418.0580828927683,418.39819448175496,390.45962347472266,41.40308061091716,5.9627422398681915,9.023771869739809,418.39819448175496,439.0502013453611,397.74618761814884,10.32600343180305,0.00870634759457678,5050252.05,-0.02426955305081646,0
2022-07-16,414.3135462886011,409.49749191987104,405.2743832810362,407.40397765876884,5180303,412.0596548327714,415.58705865631447,418.99181947951973,391.48431923200957,42.44846781214278,4.8829706235407,8.195611620499987,418.99181947951973,437.4414028162602,400.54223614277925,9.224791668370232,-0.016677148724022706,5095228.6,0.004400199634992941,0
2022-07-17,407.40397765876884,413.3968066585037,404.7728274955755,409.06394602899206,5684346,410.08625735618654,413.30176065245644,419.07374784048005,392.7232133577215,40.11118204472453,4.113768421640202,7.37924298072803,419.07374784048005,437.3205051387158,400.8269905422443,9.123378649117889,0.0040745021189105834,4919581.15,0.022992751398627664,0
2022-07-18,409.06394602899206,410.20618421396784,407.0617801880745,409.94923173623727,1458298,410.2936448717813,411.79328860615897,419.28739712839877,393.9004004290044,41.75073040445687,3.5348576395097666,6.610365912484377,419.28739712839877,436.96483168352773,401.6099625732698,8.838717277564479,0.0021641743689200243,4652044.0,0.04331845829677361,0
2022-07-19,409.94923173623727,404.81799100352873,395.34022448550184,400.98798505811345,2047343,408.34373735414255,410.6339115026018,417.92919225418564,394.8496334440637,31.161715994925217,2.3261546351624247,5.753523657019987,417.92919225418564,436.86802434269293,398.99036016567834,9.469416044253654,-0.02185940595661251,4450047.75,0.03831169600719675,0
2022-07-20,400.98798505811345,408.2432214658722,397.96553841401425,404.258341697278,6719720,406.3326964358779,410.1287597334434,416.44521682987914,395.82178073755927,29.96895123572044,1.6135393228863677,4.925526790193263,416.44521682987914,434.7427480364873,398.147685623271,9.148765603304062,0.008155747206965769,4428254.8,0.011624360991503213,0
2022-07-21,404.258341697278,411.2591778804146,406.71686415484106,409.1966364925576,9493836,406.69122820263567,409.3754415177035,415.5584123601273,396.83629504974175,34.70482869816027,1.4307725525142132,4.226575942657453,415.5584123601273,433.43002440734244,397.68680031291217,8.93580602360758,0.012215690527364709,4832790.65,0.010709910336444972,0
2022-07-22,409.1966364925576,420.68841779409354,413.1112459560704,418.4694516461783,5620650,408.5723293260729,409.32929334112976,415.5711010650919,398.1266038818461,45.71857656115317,2.010985750933628,3.7834579043126877,415.5711010650919,433.45101527615884,397.691186854025,8.939957105533455,0.02266102486350552,4653202.15,-0.0005423435094008555,0
2022-07-23,418.4694516461783,431.0987778003681,420.2022123466595,427.7076004349978,2755692,412.12400306582504,411.20882396880313,415.82300889758153,399.5617137585432,60.296898294818206,3.1795977614325466,3.66268587573666,415.82300889758153,434.25737511305226,397.3886426821108,9.217183107735375,0.022076041040698158,4720850.15,-0.011078979809908795,0
2022-07-24,427.7076004349978,416.79613629890866,407.6823910357816,416.35051484419824,2730228,415.19650902304204,411.77012318859227,415.58037986952223,400.72083497558947,54.317633302151236,3.1529640178754903,3.560741504164426,415.58037986952223,433.8435344893749,397.31722524966955,9.131577309926334,-0.02655338735914181,4782057.6,0.09519194015496124,0
2022-07-25,416.35051484419824,413.19128861216984,402.0197995735976,408.9575865949936,2946793,416.1363580025851,411.2345272192315,414.6463050559999,401.82733757314054,45.23215171134187,2.5064167194921083,3.3498765472299623,414.6463050559999,432.210188674286,397.08242143771383,8.781941809143044,-0.017756500798302488,4781896.6,0.12883600320766764,0
2022-07-26,408.9575865949936,415.8688735702114,412.70637164657467,413.5790957793678,2569123,417.01284985994715,411.8520390312914,413.71954884380295,402.75527833562205,46.81161526763556,2.3399667731009686,3.1478945924041635,413.71954884380295,429.239728425255,398.1993692623509,7.76008979072604,0.011300705344173156,4803719.85,0.14268899514949007,0
2022-07-27,413.5790957793678,423.2525318696227,417.8380021207421,418.24249745519546,7115518,416.96745902175064,412.7698941739118,413.03582741318405,403.69955031171287,55.93736937612578,2.5549001945809664,3.0292957128395246,413.03582741318405,426.2077585273762,399.8638962989919,6.58596555709608,0.011275719018244201,5010235.3,0.15263741485475957,0
2022-07-28,418.24249745519546,431.2792155310854,420.66419755369805,422.9690365652339,8393979,416.0197462477978,414.0718746568115,412.9325816314852,404.90773570184183,57.506467212711435,3.071225471707521,3.037681664613124,412.9325816314852,425.7357420629804,400.12942119999,6.401580215747614,0.011300953726121055,5163802.95,0.15574538570585705,0
2022-07-29,422.9690365652339,456.1445241956885,454.1637324021718,455.98372813673444,9437482,423.94638890630506,419.57144896467355,415.10268023363767,406.6737477586963,68.78527206563857,6.074404476882194,3.6450262270669382,415.10268023363767,438.216658387271,391.9887020800043,11.556989076816686,0.07805462981309441,5552829.5,0.06637797362450337,0
2022-07-30,455.98372813673444,464.8763026845766,461.472308417101,461.64604753334623,2622572,434.48408109397553,425.3102195482803,417.71948964086187,408.6890021420477,74.73089509752549,8.809793472208241,4.6779796760952,417.71948964086187,448.6131625433995,386.82581673832425,15.446836451268815,0.012417810213863234,5213962.55,0.07034003338708672,0
2022-07-31,461.64604753334623,473.6035339127749,467.3781618363299,472.5922813709605,4220281,446.2867182122941,431.6497840361206,420.512612776912,410.80234525098234,76.70360570585945,11.725711770604391,6.087526094997039,420.512612776912,459.94944690098134,381.0757786528427,19.718417062034646,0.02371131280361194,5200997.05,0.030433721800853242,0
2022-08-01,472.5922813709605,482.62346430267996,481.53128017184736,482.0819510491549,3689784,459.054608931086,438.0110339764183,423.67016365877396,412.9280961194734,78.27509050802588,14.633647428552308,7.796750361708095,423.67016365877396,471.74112570328236,375.59920161426555,24.03548102225421,0.020080035269864016,5075290.45,0.006375580798788416,0
2022-08-02,482.0819510491549,489.92471006790527,488.1097703939143,488.844512306721,9175602,472.2297040793834,444.1247251635906,427.6667745661968,415.30494545523254,85.04265385190159,17.28464292073801,9.69432887351408,427.6667745661968,483.27219960640423,372.0613495259894,27.802712520103725,0.014027825026115881,5182721.15,-0.01618794739977414,0
2022-08-03,488.844512306721,489.2373957614916,484.4829359835819,486.2510040161973,1709662,478.283159255276,451.11477408079054,431.4424486346914,417.47994412890097,82.88131828667946,18.95776816196019,11.547016731203303,431.4424486346914,492.22198764731473,370.66290962206807,30.38976950631167,-0.005305384892806964,4846891.1,-0.008331979510096232,0
2022-08-04,486.2510040161973,497.8612297395276,493.836867212794,494.1182459298584,7863382,484.7775989345784,459.63084001427694,435.43268361675416,419.74240752274346,83.27423610237275,20.680164540601993,13.373646293083043,435.43268361675416,501.70745533356745,369.15791189994087,33.137385858406645,0.016179384409865438,5071729.7,0.022031308667014526,0
2022-08-05,494.1182459298584,489.5584314750819,485.47610565138586,486.9750233874349,6321129,487.65414733787327,466.9704327750836,439.4112359031875,421.729106214881,77.29761091122275,21.224119310201218,14.943740896506679,439.4112359031875,508.11053085780003,370.711940948575,34.349647477306256,-0.014456504290751404,5128771.0,-0.0006678807223537975,0
2022-08-06,486.9750233874349,487.94911736423404,476.85852740396234,485.1555034797064,9859060,488.2688578239836,473.6617333775348,443.2158137757233,423.37755250701076,74.32987156291121,21.2632775115419,16.207648219513725,443.2158137757233,513.2536247850239,373.17800276642265,35.01890550465033,-0.003736372134800159,5337506.7,0.017850556863436173,0
2022-08-07,485.1555034797064,482.2539322709244,474.44727976343705,480.9311230548316,6672605,486.6861799736057,479.4579420264946,446.764908341653,424.9729869022532,79.10931736087147,20.714652862147034,17.109049148040388,446.764908341653,516.8986283504591,376.6311883328469,35.066860004403054,-0.00870727095658208,5598222.05,-0.005300549898360041,0
2022-08-08,480.9311230548316,493.2994245861977,478.61555434406534,482.19957061397065,3592670,485.8758932931604,482.0795262742182,450.8254876194458,426.7067144005861,84.94261226141994,20.149941009401118,17.717227520312534,450.8254876194458,519.1811076393034,382.46986759958827,34.177810009928784,0.002637482787726464,5675488.4,-0.0162889786828031,0
2022-08-09,482.19957061397065,512.6560978067824,504.14143968424054,505.00431752394286,5810833,488.0531076119772,486.41535327327784,455.86278641077905,429.02935245107653,87.16880860189453,21.29705600988865,18.433193218227757,455.86278641077905,524.6166421000062,387.1089307215519,34.376927844613554,0.04729317133347011,5630044.05,-0.03931486048399979,0
2022-08-10,505.00431752394286,493.30167280192614,485.754427651481,486.6497821570466,7703459,487.98805936589963,487.82110335188656,459.7354436940036,431.1040207922075,75.02505012144552,20.48891193104538,18.84433696079128,459.7354436940036,526.1057767349928,393.3651106530145,33.18516652049456,-0.03634530385183499,5540525.2,-0.0008029995738988438,0
2022-08-11,486.6497821570466,501.938909846185,493.7247697082554,493.8157993821799,7417665,489.7201185463943,488.99448818518897,463.5027610808036,433.3261605530639,75.46299661010764,20.19390681992826,19.114250932618678,463.5027610808036,528.5510592520772,398.4544629095301,32.52414908563678,0.014725203807490317,5630375.95,-0.03554321232218305,0
2022-08-12,493.8157993821799,479.5732670359903,476.7191555910773,478.3819236394051,1442061,489.21027866330894,487.9482293184574,466.03647724102393,435.1797438761306,59.21461290936427,18.501455136385175,18.99169177337198,466.03647724102393,529.1325390120708,402.94041546997715,31.548030885523396,-0.03125431742379303,5564694.4,-0.017674430732034008,0
2022-08-13,478.3819236394051,477.0799013987918,471.7847088586247,474.3450320873829,4761675,487.63937095799145,486.7576321255759,468.9362031031832,436.9021871512981,55.295177342228044,16.64258620767481,18.521870660232548,468.9362031031832,527.5921236553365,410.2802825510298,29.327960276076674,-0.008438637315788644,5666266.75,0.0051416455469088795,0
2022-08-14,474.3450320873829,486.66017380726385,481.3741967465644,485.1501432366715,8415745,483.6685361005372,485.8608218562573,472.74583093526707,438.70451561065516,55.24250239021922,15.858494481167838,17.989195424419606,472.74583093526707,524.489425417419,421.0022364531151,25.87179724107599,0.022779011939347393,5939714.35,-0.030617232796602334,0
2022-08-15,485.1501432366715,501.2303376994455,485.30668740528,486.25900258933655,9082655,483.5903801869952,485.7892197764474,476.3798262757656,440.51906610837233,51.87498521862916,15.151910031691216,17.42173834587393,476.3798262757656,520.2346892327425,432.5249633187887,21.927431478488447,0.0022856003819091697,6265390.95,-0.027673575146306528,0
2022-08-16,486.25900258933655,481.596131828146,471.60436225525154,476.2639995766905,9877580,480.08002022589733,484.9000693861459,479.28090138184035,441.8958385237105,44.51214301340134,13.628324726775645,16.663055622054273,479.28090138184035,513.5773564745316,444.98444628914905,17.148227546345648,-0.02055489555858614,6403494.05,-0.005370529757778519,0
2022-08-17,476.2639995766905,470.52791450506686,468.00830637425025,469.92679546658326,4081328,478.3889945913329,483.799636627321,481.62878932690785,443.18084951348493,43.104295729175234,11.773792050827296,15.685202907808877,481.62878932690785,504.07589240546463,459.18168624835107,11.223551539278404,-0.013306074185199357,6187861.5,-0.004086215763397738,0
2022-08-18,469.92679546658326,481.33980952867836,468.666300815218,476.7839461093133,6371112,478.876777395719,483.2580741768553,482.66880022553676,444.1534867848237,42.61458612043937,10.733645498765554,14.694891426000213,482.66880022553676,501.7947812483947,463.5428192026788,9.562990511428971,0.014591954978693478,6034543.0,0.024661552206477477,0
2022-08-19,476.7839461093133,477.8512441721084,465.4561086252559,470.29618835988936,9551646,475.9059864203626,479.78726126044995,483.10130726686396,444.8806535483533,42.853938994285066,9.278853197779654,13.611683780356103,483.10130726686396,500.54263211826174,465.6599824154662,8.720662425698894,-0.013607332634342773,6380996.7,0.053005863800968944,0
2022-08-20,470.29618835988936,473.76445865188697,470.56802493496906,472.8024775406125,8281505,473.2146814106178,478.4025307988064,483.1118170753465,445.7980485814136,44.73830033897178,8.233248640335319,12.535996752351947,483.1118170753465,500.52671190432005,465.69692224637294,8.707447414486783,0.005329171791639498,6584057.9,0.006047728115383899,0
2022-08-21,472.8024775406125,477.2890900411306,472.49338084455235,473.70620959440527,6124795,472.70312341416076,476.391571820029,482.69303000260896,446.907859222364,46.83300132037198,7.392309179480833,11.507259237777726,482.69303000260896,500.60785975988455,464.7782002453334,8.957414878637792,0.0019114367980763713,6705808.45,0.008877009997279028,0
2022-08-22,473.70620959440527,474.6628140356221,463.4075147883207,468.0065731873047,6411263,472.319078958305,475.354036774819,481.65113304663817,447.814601810406,44.011232297251254,6.194538793041943,10.44471514883057,481.65113304663817,500.46104442484267,462.84122166843366,9.40495568910226,-0.01203200695211637,6567591.5,0.008668976143980878,0
2022-08-23,468.0065731873047,491.7009595403932,480.40563315769936,488.5421782874985,4963735,474.670725393942,476.77375139483047,481.7656917602032,449.1613834680482,42.9181495988468,6.823689573392869,9.72051003374303,481.7656917602032,500.72090688129975,462.81047663910664,9.477607560548288,0.04387888178650656,6730295.15,-0.01628998898462375,0
2022-08-24,488.5421782874985,500.580736317513,490.2012335222082,495.22464406620844,7493509,479.6564165352059,477.7812014777842,481.8210116670208,450.5130946920636,54.10062301133274,7.771925316349041,9.330793090264233,481.8210116670208,500.93382056126615,462.70820277277545,9.556404447122663,0.013678380446360272,6711801.5,-0.04397535941035924,0
2022-08-25,495.22464406620844,483.6869476318973,466.9055217979215,475.66185837705797,9989138,480.22829270249497,476.72148705655644,481.2553534165019,451.3840474591387,42.238745828804554,6.865712025044388,8.837776877220264,481.2553534165019,500.39552555723486,462.115181275769,9.57008607036647,-0.039502851733152156,6895201.95,-0.005945150749525729,0
2022-08-26,475.66185837705797,482.1247604148776,471.7960613808241,477.911304352748,9824031,481.0693116541635,476.8862175341621,480.89314346015396,452.3039350248422,49.77323473086086,6.256917106095159,8.321604922995244,480.89314346015396,499.9966949242195,461.7895919960884,9.551775732032771,0.004729086295388596,6893450.5,0.0003578266806909536,0
2022-08-27,477.911304352748,472.1013469519561,469.1141692405697,472.06371100549165,2192929,481.88073921780085,477.0999090880529,480.4497728576869,453.2445302009678,48.919610495254524,5.242162452776881,7.705716428951571,480.4497728576869,499.9569529569284,460.94259275844547,9.753590049620728,-0.012235729295367759,6669466.7,0.031298169420763244,0
2022-08-28,472.06371100549165,487.6962038326615,480.45844221586714,480.58383158467103,9711998,480.2890698772354,477.4798976355887,480.36898590622206,454.60457171078747,47.789645492670836,5.067054745192934,7.177984092199844,480.36898590622206,499.8590292870654,460.8789425253787,9.745021690421689,0.01804866669592453,6975433.1,-0.010290734810272761,0
2022-08-29,480.58383158467103,473.8132602569125,470.99612144676445,473.4469623545297,7555035,475.93353353489965,477.7949750350528,478.7911181477513,455.8873137701009,44.14020955738333,4.3027949862247965,6.602946271004835,478.7911181477513,494.6561078722968,462.92612842320585,7.932494862272722,-0.014850414768654008,7062643.2,-0.001087946682494234,0
2022-08-30,473.4469623545297,476.90642126495857,469.40241358919917,472.8339769232068,5068316,475.3679572441295,477.7981249733122,478.1003278860593,457.0093969355658,48.283952889110594,3.606082149732913,6.003573446750451,478.1003278860593,493.72588136951026,462.4747744026083,7.812776741725479,-0.00129472882933801,6930886.05,-0.008293615702895107,0
2022-08-31,472.8339769232068,485.36410059862436,477.18941489948674,478.0823137684492,9067987,475.4021591272696,478.23573539071657,477.31365360537285,458.19242454269653,54.12516663804103,3.4378003035880624,5.490418818117974,477.31365360537285,491.08163537536956,463.54567183537614,6.883990884998353,0.011099745579609133,7013402.15,-0.031015604993606005,0
2022-09-01,478.0823137684492,489.46206226505603,483.16094651841166,486.8384410099357,2656671,478.3571051281585,480.11892217297975,477.73647947389935,459.75094747973,54.98983612356602,3.9652728171350304,5.185389617921386,477.73647947389935,492.14701669698115,463.32594225081755,7.205268611540893,0.018315103883402406,7074132.65,-0.013893314799558243,0
2022-09-02,486.8384410099357,480.5718104923109,472.7296581158227,475.6382708197284,6681635,477.3679929751699,478.8285314262027,477.8011414105166,461.0489624431984,52.53270097318996,3.439885599156298,4.836288814168369,477.8011414105166,492.15911341498094,463.4431694060523,7.178986002232153,-0.023005928141115572,7170130.65,0.018511702372560945,0
2022-09-03,475.6382708197284,473.83204958599265,466.2793285698909,472.9318773024991,7145265,477.26497596476383,476.59925474983186,477.190228113808,462.2213290634763,50.06123272057614,2.773161823078283,4.423663415950352,477.190228113808,491.2686293715432,463.1118268560728,7.039200628867606,-0.005690024716819009,7106606.65,-0.00046691924678321506,0
2022-09-04,472.9318773024991,473.01835683881313,464.58331777564564,468.9124736273342,9527171,476.4806753055893,475.9243162748593,476.32290166570783,463.4514989828476,47.79654955279341,1.8985607175645214,3.9186428762731857,476.32290166570783,490.1845489428794,462.46125438853625,6.9308236385857995,-0.008498906223219138,7128832.45,0.027614883959240055,0
2022-09-05,468.9124736273342,469.66018080597087,456.9925644909982,463.25430157017774,1783066,473.51507286593505,474.45861599660236,475.67241676538225,464.5353060936714,47.814775753918745,0.7403317610921931,3.282980653236987,475.67241676538225,490.7162981008144,460.6285354299501,7.521940667716089,-0.012066584651474255,6724106.75,,0
2022-09-06,463.25430157017774,484.52098483150235,475.38972127375854,480.0746412924585,5899856,472.1623129224396,475.25970902529906,476.179809056676,465.93781428479576,45.96865383046254,1.166244069025936,2.859633336394777,476.179809056676,491.09169562373154,461.26792248962045,7.455943283527768,0.036309084805622005,6815033.15,,0
2022-09-07,480.0746412924585,493.6931829489793,479.3388494703994,484.44314492614274,7240779,473.9232877437224,475.64564035944625,476.5627689975175,467.60691748215635,44.75134450547869,1.8351301363734933,2.6547326963905205,476.5627689975175,491.9265355757463,461.19900241928866,7.681883289114422,0.00909963421921911,6858516.5,,0
2022-09-08,484.44314492614274,479.32223985793087,468.22314279060896,472.7110563065693,5055957,473.87912354453647,475.5720497546501,476.68351239485145,468.97597177434216,48.44492550137629,1.402379902350333,2.4042621375824833,476.68351239485145,491.87692762292176,461.49009716678114,7.596707614035151,-0.024217679086700916,6633732.05,,0
2022-09-09,472.7110563065693,484.57416882835554,469.1770031240678,481.8614371735932,7617488,476.4689162537883,476.4747957796888,477.1364603765005,470.4292677879629,51.94057301696738,1.7772939462659565,2.278868499319178,477.1364603765005,492.38275138971034,461.8901693632907,7.623145506604914,0.019357238941095423,6600531.2,,0
